day,date,time_IST,phase,type,thread_part,text,media_file,alt_text,poll_options
1,2026-10-06,19:30,Story,Brand intro · banner,,"Most people have opinions about the future.
Very few get paid for being right.

We're building 369X to change that.

Predict. Participate. Prosper.",B01-brand.png,369X logo with the tagline Predict. Participate. Prosper.,
2,2026-10-07,19:30,Story,Behind the scenes,,"The hardest part of building a prediction market isn't the code.

It's writing questions nobody can argue about.

""Will BTC moon?"" ✗
""Will BTC trade above $150K on CoinGecko before Dec 31, 2026?"" ✓

Clear question, clear source, clear date.",,,
3,2026-10-08,13:00,Story,Question,,"Quick one.

If you could put money on one thing happening in 2026, what would it be?

The best replies might end up as real markets on 369X.",,,
4,2026-10-09,19:30,Story,Sneak peek · banner,,"What we've been heads-down on:

YES or NO on crypto, sports, politics and culture. Prices move with the crowd. Every winning share pays $1.

On-chain, on BNB Chain.",B02-sneak-peek.png,369X markets page on desktop and a market page on a phone,
5,2026-10-10,19:30,Launch,Announcement · banner,,"369X testnet is live.

→ Free test tokens: 1,000 USDT + 5,000 $369X a day
→ Real on-chain markets on BNB Chain
→ No real money, no risk

Come break it before mainnet. Link in bio.",B03-testnet-live.png,Testnet is live. Come break it before mainnet. Screenshot of the 369X home page.,
6,2026-10-11,19:30,Launch,How to join · video,,"How to join the 369X testnet, start to finish:

1. Open the site
2. Look around, no sign-up needed
3. Connect MetaMask
4. Claim free test tokens
5. Tap YES or NO

Under a minute. Link in bio.",369x-testnet-how-to-join.mp4,"Animated walkthrough: opening 369X, browsing markets, connecting a wallet, claiming test tokens and placing a YES trade",
7,2026-10-12,19:30,Explainer,Thread · banner,1/5,New to prediction markets? Here's how 369X works in 5 posts.,B04-how-a-trade-works.png,"Three steps: pick a question, buy YES or NO, sell or hold. Every share pays $1 if you're right.",
7,2026-10-12,19:30,Explainer,Thread · banner,2/5,"Every market is a yes/no question with an end date and a public source.

A YES share pays $1 if it happens. $0 if it doesn't. NO is the mirror image.",,,
7,2026-10-12,19:30,Explainer,Thread · banner,3/5,"The price is the crowd's probability.

YES at 64¢ means the market thinks there's roughly a 64% chance. If you think it's higher, YES is cheap.",,,
7,2026-10-12,19:30,Explainer,Thread · banner,4/5,"You don't have to wait for the end. Sell any time while the market is live, at whatever the price is then.",,,
7,2026-10-12,19:30,Explainer,Thread · banner,5/5,"No order book, no waiting for someone to take the other side. An automated market maker (LMSR) always quotes a price.

Try it with free test tokens. Link in bio.",,,
8,2026-10-13,13:00,Engagement,Poll,,Which market should we add next?,,,BTC above $150K by Dec 31 | GTA VI launches on time | India beats AUS in Tests | Something else (reply)
9,2026-10-14,19:30,Engagement,Hot take,,"Polls tell you what people say.

Markets tell you what people believe.

The difference is skin in the game.",,,
10,2026-10-15,19:30,Explainer,Creators · banner,,"You don't have to trade to earn on 369X.

Create a market and keep 0.5% of every trade on it, for as long as it runs. The protocol seeds the liquidity, so you take no market-making risk.

Got a sharp question? Ship it.",B05-create-market.png,Ask the question. Earn on every trade. A phone showing the 369X markets list.,
11,2026-10-16,13:00,Engagement,Reply bait,,"Drop the market you'd create right now.

One line. A yes/no question. A clear end date.

We'll quote the best ones.",,,
12,2026-10-17,19:30,Explainer,Vault · banner,,"Not into predicting? Earn the fees instead.

The 369X Vault: deposit USDT and earn 80% of protocol fees from every trade.

Lock longer, earn points faster:
Flex 1× · 90d 2× · 180d 4× · 365d 8×

Live on testnet.",B06-vault.png,"Vault lock options: Flex 1x, 90 days 2x, 180 days 4x, 365 days 8x",
13,2026-10-18,09:30,Engagement,GM,,"gm to everyone who called something early and had nobody to tell.

You have a scoreboard now.",,,
14,2026-10-19,19:30,Feature,Share P&L · banner,,"New on 369X: P&L cards.

One tap from your portfolio and you get a clean image of your call, with your invite link on it. Hide the dollars and show just the % if you'd rather.

Called it? Prove it.",B07-share-pnl.png,"Example 369X P&L card showing a YES position on a Bitcoin market, marked as testnet funds",
15,2026-10-20,13:00,Engagement,Question,,"Be honest.

Have you ever called something way before everyone else and never got credit for it?

What was it?",,,
16,2026-10-21,19:30,Explainer,Staking · banner,,"Stake $369X and you:

• earn 20% of protocol fees, paid in USDT
• vote on how ended markets resolve
• get 1 vote per token

A market only settles by vote when enough stake turns up. No quiet takeovers.

Testnet staking is live.",B08-staking.png,"Stake $369X. Earn fees. Call the outcome. Three cards: fee share, voting, turnout rule.",
17,2026-10-22,19:30,Explainer,Referrals,,"Bring friends, earn from their trades.

You get 20–35% of the protocol fee on everything they trade. They get 10% of their own fees back.

Your link lives in the Affiliate tab. The formula is public and runs on on-chain data.",,,
18,2026-10-23,13:00,Engagement,Fill in the blank,,"Finish the sentence:

""By the end of 2026, ______ will definitely happen.""

Spiciest replies become markets.",,,
19,2026-10-24,19:30,Feature,Points · banner,,"Testnet points are live.

• 1 point per $1 traded
• Vault points, up to 8× for longer locks
• 500 per badge

Points never go down from normal use. Farming with fake wallets doesn't count.

Check yours on the Rewards page.",B09-points.png,"Points that only go up: 1 pt per $1 traded, 8x vault multiplier, 500 per badge",
20,2026-10-25,19:30,Engagement,Relatable,,"Me: I'll just check one market.

Me, 40 minutes later: reading Fed minutes to decide on a $20 test trade.",,,
21,2026-10-26,19:30,Explainer,FAQ,,"Questions we get a lot:

""Is it real money?""
No. Testnet runs on free test tokens.

""Do I need an account?""
No. Just a wallet.

""Can I look before connecting?""
Yes. Every market is open to browse.

Anything else? Ask below.",,,
22,2026-10-27,13:00,Engagement,Poll,,How do you usually make your calls?,,,Charts and data | Gut feeling | Timeline vibes | Whatever my friend says
23,2026-10-28,19:30,Explainer,Testnet tip,,"Testnet tip: every transaction needs a pinch of tBNB for gas. It's free test BNB.

The in-app guide walks you through it: connect → switch network → grab tBNB → claim tokens → trade.

About two minutes, start to finish.",,,
24,2026-10-29,19:30,Trust,Transparency,,"What a prediction market should get right:

• Questions with one clear answer
• Prices anyone can check
• Payouts that don't need trust
• Rules you can read

Every 369X contract is verified on Sourcify. The code is public.",,,
25,2026-10-30,19:30,Trust,Resolution,,"Who decides the outcome?

When a market ends, $369X stakers vote using the market's listed source. Low turnout? The admin settles it for now.

Moving that to a multisig with a time delay is on our mainnet checklist.",,,
26,2026-10-31,13:00,Engagement,Question,,"What's one market you'd never trade, whatever the odds?

Curious where people draw the line.",,,
27,2026-11-01,19:30,Community,Leaderboard,,"Leaderboard check.

The top testnet traders by profit and volume are up right now, and there's plenty of room near the top.

Link in bio → Leaderboard tab.",,,
28,2026-11-02,19:30,Feature,Coming soon · banner,,"Coming soon: leverage up to 10×.

It unlocks per market as volume grows (2× → 3× → 5× → 10×), and you always see your liquidation price before you trade.

Not live yet. The simulator on the site shows how it'll work.",B10-leverage-soon.png,"Leverage up to 10x, coming soon. Tiers unlock at $25K, $100K, $250K and $1M market volume.",
29,2026-11-03,13:00,Community,Feedback ask,,"We're building this in the open.

What's one thing that annoyed you on the testnet? Small or big, we want to hear it.

Every reply gets read.",,,
30,2026-11-04,19:30,CTA,Recap · banner,,"A month in.

Testnet is live. Markets are open. Test tokens are free.

If you've been watching from the sidelines, this is your sign. Link in bio.

Predict. Participate. Prosper.",B11-your-sign.png,This is your sign to start predicting. 369X logo with a Link in bio button.,
